<?xml version="1.0" encoding="UTF-8" standalone="yes"?>
<w:document xmlns:wpc="http://schemas.microsoft.com/office/word/2010/wordprocessingCanvas" xmlns:cx="http://schemas.microsoft.com/office/drawing/2014/chartex" xmlns:cx1="http://schemas.microsoft.com/office/drawing/2015/9/8/chartex" xmlns:cx2="http://schemas.microsoft.com/office/drawing/2015/10/21/chartex" xmlns:cx3="http://schemas.microsoft.com/office/drawing/2016/5/9/chartex" xmlns:cx4="http://schemas.microsoft.com/office/drawing/2016/5/10/chartex" xmlns:cx5="http://schemas.microsoft.com/office/drawing/2016/5/11/chartex" xmlns:cx6="http://schemas.microsoft.com/office/drawing/2016/5/12/chartex" xmlns:cx7="http://schemas.microsoft.com/office/drawing/2016/5/13/chartex" xmlns:cx8="http://schemas.microsoft.com/office/drawing/2016/5/14/chartex" xmlns:mc="http://schemas.openxmlformats.org/markup-compatibility/2006" xmlns:aink="http://schemas.microsoft.com/office/drawing/2016/ink" xmlns:am3d="http://schemas.microsoft.com/office/drawing/2017/model3d" xmlns:o="urn:schemas-microsoft-com:office:office" xmlns:oel="http://schemas.microsoft.com/office/2019/extlst" xmlns:r="http://schemas.openxmlformats.org/officeDocument/2006/relationships" xmlns:m="http://schemas.openxmlformats.org/officeDocument/2006/math" xmlns:v="urn:schemas-microsoft-com:vml" xmlns:wp14="http://schemas.microsoft.com/office/word/2010/wordprocessingDrawing" xmlns:wp="http://schemas.openxmlformats.org/drawingml/2006/wordprocessingDrawing" xmlns:w10="urn:schemas-microsoft-com:office:word" xmlns:w="http://schemas.openxmlformats.org/wordprocessingml/2006/main" xmlns:w14="http://schemas.microsoft.com/office/word/2010/wordml" xmlns:w15="http://schemas.microsoft.com/office/word/2012/wordml" xmlns:w16cex="http://schemas.microsoft.com/office/word/2018/wordml/cex" xmlns:w16cid="http://schemas.microsoft.com/office/word/2016/wordml/cid" xmlns:w16="http://schemas.microsoft.com/office/word/2018/wordml" xmlns:w16sdtdh="http://schemas.microsoft.com/office/word/2020/wordml/sdtdatahash" xmlns:w16se="http://schemas.microsoft.com/office/word/2015/wordml/symex" xmlns:wpg="http://schemas.microsoft.com/office/word/2010/wordprocessingGroup" xmlns:wpi="http://schemas.microsoft.com/office/word/2010/wordprocessingInk" xmlns:wne="http://schemas.microsoft.com/office/word/2006/wordml" xmlns:wps="http://schemas.microsoft.com/office/word/2010/wordprocessingShape" mc:Ignorable="w14 w15 w16se w16cid w16 w16cex w16sdtdh wp14"><w:body><w:p w14:paraId="107103D3" w14:textId="523D4675" w:rsidR="001610E7" w:rsidRDefault="001610E7"><w:pPr><w:rPr><w:sz w:val="42"/><w:szCs w:val="42"/></w:rPr></w:pPr></w:p><w:p w14:paraId="1333FB4C" w14:textId="2F106B36" w:rsidR="003368F4" w:rsidRDefault="00673F7E"><w:pPr><w:rPr><w:sz w:val="42"/><w:szCs w:val="42"/></w:rPr></w:pPr><w:r><w:rPr><w:sz w:val="42"/><w:szCs w:val="42"/></w:rPr><w:t>Can’t see the flag?</w:t></w:r><w:r w:rsidR="006637A9" w:rsidRPr="006637A9"><w:rPr><w:sz w:val="42"/><w:szCs w:val="42"/></w:rPr><w:br/></w:r><w:r w:rsidR="006637A9" w:rsidRPr="006637A9"><w:rPr><w:sz w:val="42"/><w:szCs w:val="42"/></w:rPr><w:br/><w:t>Well, at least you got this far</w:t></w:r><w:r w:rsidR="006637A9"><w:rPr><w:sz w:val="42"/><w:szCs w:val="42"/></w:rPr><w:t>.</w:t></w:r></w:p><w:p w14:paraId="5BD7274B" w14:textId="093861F5" w:rsidR="006637A9" w:rsidRDefault="006637A9"><w:pPr><w:rPr><w:sz w:val="42"/><w:szCs w:val="42"/></w:rPr></w:pPr></w:p><w:p w14:paraId="15713AF5" w14:textId="5538D83F" w:rsidR="006637A9" w:rsidRDefault="00673F7E"><w:pPr><w:rPr><w:sz w:val="42"/><w:szCs w:val="42"/></w:rPr></w:pPr><w:r><w:rPr><w:noProof/><w:sz w:val="42"/><w:szCs w:val="42"/></w:rPr><w:drawing><wp:inline distT="0" distB="0" distL="0" distR="0" wp14:anchorId="4DDA3682" wp14:editId="23EDD16F"><wp:extent cx="4547937" cy="4547937"/><wp:effectExtent l="0" t="0" r="5080" b="5080"/><wp:docPr id="333203134" name="Picture 3"/><wp:cNvGraphicFramePr><a:graphicFrameLocks xmlns:a="http://schemas.openxmlformats.org/drawingml/2006/main" noChangeAspect="1"/></wp:cNvGraphicFramePr><a:graphic xmlns:a="http://schemas.openxmlformats.org/drawingml/2006/main"><a:graphicData uri="http://schemas.openxmlformats.org/drawingml/2006/picture"><pic:pic xmlns:pic="http://schemas.openxmlformats.org/drawingml/2006/picture"><pic:nvPicPr><pic:cNvPr id="0" name="Picture 2"/><pic:cNvPicPr><a:picLocks noChangeAspect="1" noChangeArrowheads="1"/></pic:cNvPicPr></pic:nvPicPr><pic:blipFill><a:blip r:embed="rId4" cstate="print"><a:extLst><a:ext uri="{28A0092B-C50C-407E-A947-70E740481C1C}"><a14:useLocalDpi xmlns:a14="http://schemas.microsoft.com/office/drawing/2010/main" val="0"/></a:ext></a:extLst></a:blip><a:srcRect/><a:stretch><a:fillRect/></a:stretch></pic:blipFill><pic:spPr bwMode="auto"><a:xfrm flipH="1"><a:off x="0" y="0"/><a:ext cx="4554708" cy="4554708"/></a:xfrm><a:prstGeom prst="rect"><a:avLst/></a:prstGeom><a:noFill/></pic:spPr></pic:pic></a:graphicData></a:graphic></wp:inline></w:drawing></w:r></w:p><w:p w14:paraId="7E015241" w14:textId="77777777" w:rsidR="00673F7E" w:rsidRPr="006637A9" w:rsidRDefault="00673F7E"><w:pPr><w:rPr><w:sz w:val="42"/><w:szCs w:val="42"/></w:rPr></w:pPr></w:p><w:sectPr w:rsidR="00673F7E" w:rsidRPr="006637A9"><w:pgSz w:w="12240" w:h="15840"/><w:pgMar w:top="1440" w:right="1440" w:bottom="1440" w:left="1440" w:header="720" w:footer="720" w:gutter="0"/><w:cols w:space="720"/><w:docGrid w:linePitch="360"/></w:sectPr></w:body></w:document>